name,group
Phillip Hall,6
Gary Foster,9
Matthew Sanchez,9
Julie Mccoy,2
Roy Howell,8
Samuel Jenkins,3
Rebecca Lee,6
Joan Howard,10
Sara Johnston,7
Rebecca Powell,8
Antonio Cook,3
Steven Burke,5
Ruth Martinez,2
Wanda Fields,1
Raymond Bishop,2
Tammy Lawrence,2
Carl Gibson,3
Annie Howell,6
Clarence Reid,6
Juan Gomez,1
Eugene Rogers,5
Ann Ortiz,3
Benjamin King,5
Adam Garza,2
Julie Ramos,2
Jack Price,10
Tina Thompson,2
Mildred Turner,8
Amy Medina,9
Adam Turner,6
Irene Garrett,8
Ryan Johnson,5
Harold Vasquez,9
Richard Berry,8
Anne Simmons,5
Scott Hunt,8
Betty Johnston,6
Anna Henry,8
Charles Mcdonald,1
Carl Hughes,1
Robin Shaw,8
Joan Weaver,10
Mildred Gray,10
Anna Chavez,9
Marilyn Ray,6
Larry Scott,8
Douglas Cooper,1
Robert Montgomery,5
Maria Black,5
Kevin Sullivan,7
Edward Stewart,3
Donna Price,8
Albert Fuller,1
Pamela Stevens,1
Phillip Russell,7
Frank Little,1
Barbara Henry,1
Anna Dunn,1
Samuel Murray,5
Sean Hawkins,3
Carolyn Nichols,9
Janice Jordan,7
Stephanie Watson,8
Laura Brown,3
Linda Griffin,7
Margaret Hart,9
Frank Gomez,5
Steve Butler,1
Nicole Hansen,6
Nicole Gardner,3
Karen Lawson,9
Evelyn Martinez,1
Betty Perry,1
Steven Carpenter,6
Jean Gordon,10
Joshua Graham,5
Ruby Ruiz,3
Dennis Foster,9
Samuel Lane,1
Charles Gibson,9
John Pierce,8
Rose Arnold,7
Mark Richards,8
Wayne Hamilton,8
Annie Jacobs,5
Katherine Hernandez,8
Kimberly Dunn,5
Mark Romero,1
Roy Gomez,1
Diane Rose,9
Rebecca Brown,1
Norma Hawkins,1
Donald Ellis,3
Doris Green,3
Todd Howard,3
Sharon Boyd,3
Diane Hansen,8
Carl Jackson,3
Judy Ruiz,9
Steve Lopez,1
Aaron Banks,6
Eric Barnes,10
Angela Burke,8
Laura Hicks,1
Todd Diaz,6
Ralph Adams,6
Joan Rogers,9
Frank Bryant,9
Philip Chapman,7
Kathryn Wells,8
Albert Simpson,1
Nicole Stewart,8
Maria Gonzalez,5
Ruby Sullivan,5
Andrea Rivera,1
Howard Kelley,8
Phillip Lynch,1
Maria Daniels,4
Joshua Hughes,1
Roy Snyder,5
Thomas Foster,4
Karen Bryant,9
Gregory Sanchez,8
Larry Bell,9
Tina Mendoza,9
Clarence Robertson,8
Matthew Howell,3
Steven Sanders,7
Kimberly Elliott,9
Patrick Bishop,7
Judith Watson,1
Peter Harvey,9
Daniel Ross,1
Adam Clark,4
Kimberly Lawrence,5
Donald Kim,5
Mark James,4
Mark Elliott,8
Stephanie Mitchell,1
Timothy Jones,7
Jeffrey Romero,8
Carolyn Medina,5
Louis Moore,9
Theresa Sims,5
Jack Lewis,9
Emily Holmes,10
Jessica Elliott,8
Johnny Gordon,1
Matthew Jenkins,4
Alan Mccoy,3
Tina Johnson,4
Nicholas Phillips,4
Joseph Jackson,4
Joan Cooper,8
Benjamin Lee,8
Martha Ray,4
Victor Cox,10
Richard Campbell,5
Samuel Spencer,1
Chris Hamilton,8
Gloria Hunt,4
Ronald Ward,9
John Daniels,9
Frank Reed,8
Dorothy Wheeler,4
Louis Dixon,5
Charles Hunt,5
Heather Garrett,8
Kathleen Bradley,8
William Walker,9
Marilyn Willis,8
Clarence Garcia,5
Timothy Russell,8
Adam Dean,7
Fred Gardner,10
Anna Garza,9
Benjamin Baker,7
Janet Hill,10
Aaron Baker,9
Edward Gomez,7
Keith Hudson,5
Irene Freeman,4
Virginia Howell,10
Timothy Carr,3
Irene Wright,1
Pamela Richards,8
Edward Austin,1
Theresa Lawson,4
Joe Willis,10
Gary Reyes,8
Roy Hunter,1
Diana Wells,8
Harold Wallace,10
Nicholas Bishop,5
John Powell,8
Nicholas Payne,1
Karen Griffin,10
Shirley Fuller,10
Denise Cole,9
Ryan Howard,7
Lois Jordan,5
Rose Gordon,9
Eric Woods,4
Juan Armstrong,9
Cynthia Allen,3
Gerald Berry,9
Anne Diaz,1
Amy Kim,4
Melissa Williamson,7
Kathryn Woods,1
Nancy Harrison,4
Alice Lee,8
Todd Alexander,5
Todd Young,7
Kathy Payne,8
Johnny Reynolds,8
Brian Martinez,1
Kenneth Torres,9
Dennis Edwards,1
Jonathan Hughes,8
Kevin Medina,4
Amanda Day,10
Irene Howell,4
Harry Crawford,9
Arthur Shaw,8
Emily Shaw,1
Daniel Mcdonald,8
Denise Thompson,7
Phillip George,4
Matthew Lane,4
Martha Gray,8
Pamela Kim,1
Kenneth Reynolds,4
Michael Wagner,8
George Gordon,7
Kathleen Barnes,7
Roy Coleman,9
Ashley Hansen,3
Johnny Black,5
Patricia Boyd,10
Alan Martinez,8
Michelle Kelly,3
Sharon Andrews,4
Pamela Knight,10
Raymond Coleman,10
Brian Lewis,4
Craig Sims,5
Roger Pierce,4
Katherine Perez,5
Ronald Grant,8
Jessica Bennett,5
Phyllis Frazier,7
Anthony Black,8
Gregory Bell,7
Victor Coleman,9
Scott Taylor,4
Chris Hamilton,8
Jeffrey Parker,5
Harry Moore,10
Betty Hunt,10
Anna Jackson,9
Terry Perkins,3
Alan George,9
Sara Alvarez,7
Dennis Kim,8
Paul Graham,5
Anthony Watson,3
Jonathan Wallace,8
Roger Carroll,4
Ryan Simpson,10
Mary Green,9
Maria Bryant,7
Brenda Long,8
Paul Murray,3
Jason Garrett,9
Katherine Freeman,8
Michelle Sims,10
Melissa Vasquez,8
Peter Garza,7
Louise Castillo,8
Steven Cruz,9
Evelyn Alvarez,4
Katherine Woods,5
Janet Mccoy,9
Christopher Fox,5
Janet Dixon,3
Karen Bailey,5
Richard Gomez,8
Ruby Chavez,8
Peter Fuller,9
Amanda Carpenter,1
Kathy Gilbert,8
Nicholas Turner,4
Joyce Dixon,1
Linda Schmidt,8
Pamela Ford,7
Harry Garcia,1
Betty Schmidt,9
Rebecca Payne,8
Julia Gonzales,8
Denise Reed,8
Eric Powell,8
Scott Shaw,8
Jose Fernandez,4
Philip Howell,4
Anne Ellis,1
Barbara Rodriguez,7
Patricia Perkins,8
Shawn Ross,10
Anne Tucker,4
Joe Gray,3
Justin Simpson,9
Steve Fisher,8
Christina Robertson,10
Betty Howard,8
Harry Graham,10
Melissa Wallace,4
Louis Thompson,3
John Ward,7
Kathryn Jenkins,3
Donald Dixon,9
Julie West,1
Andrea Hudson,5
Johnny Porter,8
Robin Harvey,10
Steve Barnes,5
Michael Roberts,3
Virginia Rodriguez,4
Theresa George,9
Walter Montgomery,7
Beverly Morales,4
Bonnie Roberts,1
Sharon Morgan,7
Keith Rogers,1
Melissa Spencer,9
Carl Reyes,9
Lori Hughes,1
Carol Thomas,4
Frank Hicks,4
Barbara Cook,3
Jerry Dunn,1
Catherine Bradley,8
Emily Fisher,8
Carol Ramos,1
Jacqueline Lopez,5
Joan Montgomery,8
Lois Watkins,3
Heather Jackson,3
Frank Wood,4
Walter Carpenter,7
Anne Rogers,5
Teresa Grant,4
Ryan Burton,8
Phyllis Cunningham,9
Todd Warren,5
Julia Ramirez,5
James Elliott,5
Susan Gilbert,4
Terry Webb,1
Alice Long,10
Cheryl Williamson,5
Ruby Johnston,8
Ruth Reyes,8
Philip Mcdonald,7
Harry Rose,4
Beverly Perez,7
Brian Freeman,5
Annie Bryant,8
Fred Jenkins,9
Anna King,1
Lori Rose,9
Terry Carpenter,4
Joyce Smith,4
Joseph Jackson,7
Christopher Adams,8
Ralph Weaver,7
Helen Boyd,4
Eric Lawson,4
Joshua Greene,7
Rebecca Lane,8
Diane Hernandez,8
Alan Elliott,3
Kathleen Gilbert,9
Diane Stone,8
Justin Greene,10
Catherine Lane,2
Peter Rose,1
Frances Peterson,1
Mildred Ross,5
Kimberly Garcia,7
Marilyn Cooper,1
Kevin Fernandez,4
Barbara Spencer,5
Jane Campbell,4
Lawrence Graham,7
Diane Elliott,3
Raymond Young,10
Margaret Franklin,8
Shawn Nguyen,7
Fred Greene,4
Nicole Jacobs,9
Daniel Taylor,1
Jonathan Dixon,3
Scott Kim,7
Donna Perry,8
Philip Allen,2
Billy Cruz,5
Christine Dunn,7
Catherine Garza,3
Ralph Rice,8
Anne Porter,8
Kenneth Nguyen,1
Deborah James,7
Terry Porter,1
Kathryn Dixon,3
Ryan Henderson,3
Frances Ferguson,1
Edward Porter,10
Donald Garrett,3
Willie Robertson,2
Wayne Duncan,4
Phillip Patterson,1
Sandra Martin,5
Doris Porter,10
Lois Ward,9
Emily Freeman,2
Jerry Young,8
Adam Gonzales,2
Harold Washington,7
Frances Smith,3
Paula Jordan,7
Albert Wagner,5
Emily Nichols,7
Deborah Crawford,1
Harry Fields,4
Virginia Arnold,2
Catherine Boyd,1
Roy Carroll,1
Debra Brown,5
Clarence Wood,8
Michelle Walker,4
Earl Adams,5
George Jackson,7
Lillian Reyes,1
Theresa Smith,9
Janet Cox,8
Evelyn Vasquez,5
Andrea Reed,8
Andrea Myers,2
Keith Mendoza,1
Amanda Adams,5
Phyllis Carpenter,9
Robert Ramirez,8
Ruth Ramirez,10
Helen Webb,5
Keith Ramirez,10
Anna Price,5
Jennifer Daniels,2
Brandon Wilson,8
Jose Burton,7
Katherine Little,6
Sean Patterson,6
Cheryl Cruz,10
Melissa Porter,5
Michelle Stanley,3
William Wheeler,6
Louis Hawkins,1
Kenneth Sanchez,7
Terry Roberts,10
Tammy Greene,3
Joseph Phillips,3
Douglas Medina,10
Gerald Willis,9
Annie Taylor,9
Paula Owens,10
Margaret Rodriguez,10
Linda Hanson,10
Jacqueline Perez,5
Martin Evans,9
Kathleen Jordan,7
Terry Robertson,8
Juan Richards,8
Bonnie Willis,6
Johnny Sullivan,5
Rebecca Mitchell,3
Virginia Watkins,9
Sharon Gomez,2
Antonio Mills,6
Carl Patterson,6
Stephanie Campbell,2
Nicholas Armstrong,1
Johnny Reed,8
Nicholas Palmer,2
George Mason,1
Christine Russell,7
Julia Dean,9
David Moreno,3
Eugene Russell,1
Dennis Grant,2
Clarence Nelson,9
Adam Russell,5
Henry Parker,9
Roy Reed,10
Antonio Daniels,6
Ruby Hernandez,10
Andrew Bell,7
Anne Moore,3
Anthony Wagner,1
Dorothy Brooks,5
Brian Cooper,7
Jimmy Shaw,7
Patricia Wagner,8
Kathy Lewis,6
Wayne Peters,10
Doris Richards,7
Wayne Armstrong,2
Emily Lynch,1
Willie Price,6
Carol Robertson,3
Cynthia Kennedy,10
Ronald Burke,1
Ronald Arnold,5
Frances Ortiz,1
Judith Ferguson,1
Carlos Henderson,9
Dennis Ryan,2
Kevin Lane,1
Charles Hamilton,5
Carl Flores,1
Craig Perez,7
Barbara Schmidt,3
Amy Kim,2
Joyce Ruiz,1
Jean Johnson,6
Andrea Hansen,3
Kathy Weaver,8
Stephanie Martinez,7
Gary Berry,6
Christina Mccoy,9
Justin Martin,2
Juan Moore,9
Norma Rivera,5
Joan Henderson,2
Rose Crawford,5
Robin Watkins,8
Ann Butler,9
Justin Coleman,3
Ruth Meyer,5
Willie Shaw,6
Helen Wallace,9
Howard Harris,2
Sean Thompson,8
Kenneth Harper,8
Carlos Reed,1
Aaron Butler,9
Richard Wood,1
Fred Cooper,3
Debra Jones,9
Judy Lee,10
Ruby Richardson,7
Sharon Owens,2
Clarence Adams,6
Ashley Lee,1
Joyce Pierce,3
Melissa Webb,10
Kevin Chapman,10
Keith Edwards,1
Charles Jackson,1
Kimberly Richards,9
Shirley Powell,2
Arthur Fernandez,3
Carolyn Weaver,1
Diana Webb,5
Harry Miller,6
Billy Medina,5
Julie Woods,7
Ryan Bailey,1
Alice Griffin,1
Beverly Hawkins,5
Jerry George,10
Jesse Elliott,7
Martha Gonzales,1
Alice Matthews,5
Emily Burton,6
Willie Schmidt,6
Linda Richards,10
Mary Campbell,5
Craig Simpson,6
Jacqueline Gibson,3
Clarence Marshall,8
Jonathan Mills,1
Bruce Perkins,2
Aaron Stanley,10
Arthur Payne,9
Antonio Ferguson,8
Justin Moore,10
Carolyn Reyes,1
Albert Black,7
Jerry Fernandez,8
Martha Flores,6
Lillian Campbell,6
Richard Marshall,1
Antonio Ray,2
Frank Wilson,2
Christina Nelson,2
Edward Gonzales,6
Kathleen Weaver,7
Victor West,7
Frances Murphy,9
Virginia Watkins,6
Brian Miller,2
Christine Stanley,2
Andrew Montgomery,5
Marilyn Bell,1
Rachel Hughes,6
Keith Lee,6
Mildred Torres,7
Kathy Wood,3
Janet Hicks,5
Tammy Mendoza,5
Juan Lawrence,10
Elizabeth Taylor,6
Tina Hamilton,5
Nancy Morris,5
Richard Lee,1
Cheryl Henderson,8
Christopher Stewart,2
Christopher Sanchez,8
Wayne Rivera,7
John Murray,2
Judith Oliver,7
Craig Carr,8
Jacqueline Peterson,6
Ryan Stewart,8
Annie Lane,9
Earl Fisher,5
Adam Reynolds,2
Teresa Brooks,8
Rose Gonzalez,3
Wanda Hughes,7
Joyce Walker,3
Betty Snyder,1
Benjamin Rodriguez,7
Mark Rogers,7
Gloria Rodriguez,9
Daniel Roberts,7
Betty Ruiz,1
Nicholas Murphy,7
Douglas Burton,1
Anna Stone,10
Joe Hansen,3
Howard Graham,6
Maria Vasquez,9
Christine Rogers,7
Sandra Burton,5
Timothy Edwards,3
Nancy Ray,5
Anthony Butler,1
Jack King,1
Paula Perez,7
Kimberly Rose,6
Melissa Bell,1
Kimberly Parker,6
Jack Montgomery,5
Betty Dixon,8
Jeremy Peterson,6
Jerry Kim,6
Beverly Murray,1
Jennifer Miller,10
Shirley Patterson,3
Linda Ford,7
Adam Medina,1
Pamela Williamson,8
Martha Perez,9
Christopher Tucker,8
Chris Lopez,7
Kathryn West,1
Gerald Ward,3
Adam Gray,9
Terry Schmidt,10
Thomas Kelly,6
Bruce Carter,3
Mary Jones,9
Shawn Brown,2
Kathy Carpenter,7
Maria Banks,1
Linda Davis,2
Ralph Burton,3
Kathleen Grant,5
Victor Mitchell,7
Maria Morgan,1
Bobby Bryant,3
Alice Matthews,10
Sarah Turner,1
Jason Long,5
Anne Parker,3
Keith Robinson,1
Joan Garza,7
Justin Edwards,2
Albert Robertson,6
Brian Stephens,9
Ryan Ryan,9
Gerald Burton,6
Fred Gilbert,6
Walter Shaw,7
Jimmy Young,1
Ralph Henderson,5
Thomas Chapman,1
Dennis Foster,10
Martin Frazier,1
Howard Hamilton,10
Ruth Jenkins,6
Amanda Little,10
Sean Garrett,6
Earl Wagner,8
Elizabeth Martinez,1
Benjamin Harrison,10
Paul Brown,9
Roger Palmer,1
Benjamin Lopez,1
Diane Stewart,10
Nicole Tucker,9
Jacqueline Lawrence,6
Annie Berry,7
Donna Sullivan,10
Peter Garrett,3
Henry Gordon,10
Scott Reid,1
Tammy Hughes,8
Melissa Moreno,6
Kimberly Meyer,2
Charles Mcdonald,8
Andrew Gray,8
George Anderson,3
Phillip Gray,3
Denise Wagner,9
Angela Reyes,9
Timothy Porter,7
Heather Gonzalez,1
Dorothy Moreno,7
Carl Payne,7
Kathleen Hall,5
Maria Riley,7
Jane Perez,9
Annie Austin,1
Wayne Carpenter,6
Christopher Tucker,7
Diana Hunt,10
Lawrence Bailey,8
Larry Hall,3
Mary Mills,9
Joshua Willis,6
Jimmy Russell,7
Ralph Fuller,3
Stephanie Dixon,3
Cheryl Collins,8
Jean Carr,9
Carolyn Wilson,3
Howard Daniels,10
Harold Welch,8
Steven Black,2
Randy Gonzalez,1
Adam Mitchell,10
Henry Morris,10
Susan Alexander,1
Steven Meyer,10
Richard Hall,1
Angela Dean,3
Russell Payne,8
Martin Arnold,2
William Wheeler,8
Billy Stanley,3
Karen Ford,10
Gerald Hughes,1
Roy Weaver,5
Andrea Stewart,5
Fred Mendoza,5
Carol Stevens,8
Patricia Jacobs,7
Emily Fuller,6
Carolyn Warren,1
Bonnie Burton,9
Pamela Jones,6
Emily Howard,7
Nancy Harris,1
Ann Shaw,3
Ashley Rodriguez,10
Kathleen Gardner,5
Elizabeth Nelson,5
Jeffrey Bell,9
Betty Powell,2
Steven Gordon,7
Jonathan Alvarez,5
Theresa Hamilton,5
Dennis Fuller,9
Cheryl Stevens,2
Evelyn Gomez,1
Wanda Lawson,3
David Matthews,3
Chris Clark,7
Virginia Marshall,7
Jimmy Duncan,8
Marilyn Ruiz,7
Amy Rose,1
Bobby Hansen,5
Denise Spencer,9
Fred Schmidt,2
David Day,3
Jeremy Stephens,5
Gloria Ruiz,8
Roger Stevens,1
Angela Moore,10
Christina Martin,10
Alice Grant,6
Joyce Wagner,3
Janice Wilson,7
Michelle Romero,3
Dorothy Brooks,10
Donald Kennedy,2
Sara Snyder,9
Jason Mendoza,9
Elizabeth Wood,3
Frances Moreno,1
Dennis Perry,3
Ernest Richards,2
Bobby Wood,9
Paula Torres,1
Christine Flores,8
Charles Carr,1
Lisa Young,6
Emily Wood,3
Lillian Ryan,3
Bruce Phillips,6
Brian West,5
Teresa Reyes,1
Irene Weaver,9
Pamela Sanchez,3
Paul Gonzalez,3
Martin Robertson,9
Antonio George,5
Jennifer Schmidt,1
Raymond Robertson,6
Barbara Stewart,7
Walter Perkins,3
Mildred Shaw,7
Patricia Bryant,1
Jonathan Stewart,6
Margaret Hanson,1
Bonnie Hawkins,10
Joshua Ward,5
Todd Jones,10
Christine Jacobs,7
Barbara Jacobs,5
Pamela Chapman,3
Jeffrey Murray,1
Chris Garrett,2
Joe Cruz,1
Susan Perkins,10
Christina Simmons,9
Keith Peters,1
Roger Torres,5
Denise Bailey,9
Sandra Walker,10
Cheryl Bradley,1
John Collins,5
Thomas Baker,2
Eric Martin,6
Eugene Watkins,3
Kathy Reynolds,7
Melissa Hawkins,2
Steve Carter,2
Kimberly Dunn,10
Kathy Gutierrez,2
Eric Reid,10
Steve Tucker,3
Paula Foster,1
Jose Howell,7
Brandon Garrett,6
Kathleen Rodriguez,3
Frank Hall,1
Samuel Burton,10
Jacqueline Washington,2
Lori Gordon,1
Jeffrey Reynolds,10
Barbara Wilson,7
Brian Ferguson,6
Joshua Brown,9
Terry Vasquez,7
Sara Hernandez,3
Roy Martin,10
Aaron Ward,1
Robin Reed,6
Jean Olson,7
Steve Rodriguez,7
Debra Little,1
Rose Banks,5
Lawrence Rivera,9
Craig Palmer,2
Judy Webb,3
Joshua Meyer,1
Deborah Payne,8
Maria Snyder,1
Jean Frazier,9
Diane Gray,9
Aaron Gonzales,9
Gregory Brown,6
Virginia Chapman,6
Nicole Garcia,9
Ruby Jones,5
Peter Sanders,1
Paul Fisher,5
Willie Butler,2
Rose Woods,9
Raymond Howell,3
Lois Bradley,5
Phillip Alexander,1
Joshua Campbell,1
Clarence Martin,7
Ann Garrett,9
Jennifer Griffin,3
Lawrence Palmer,6
Brandon Lee,10
Aaron Carroll,5
Sara Boyd,1
Bobby Castillo,10
Lori Hayes,9
Kelly Morrison,7
Henry Hernandez,3
Amanda Willis,8
Andrew Wright,1
Kathy Hall,1
Henry Roberts,1
Eric Murphy,5
Harry Fowler,7
Joe Murray,6
Marie James,7
Benjamin Campbell,8
Angela Scott,6
Robert Green,3
Linda Owens,3
Kimberly Ward,6
Melissa Riley,2
Arthur Gonzalez,5
Rachel Williams,6
Beverly Roberts,3
Jack Morgan,5
Gary Hill,10
George Turner,1
Mildred Williams,9
Ryan Cox,3
Bobby Bell,1
Carolyn Henderson,5
Walter Duncan,1
Wanda Sims,1
Emily Davis,2
Jeffrey Schmidt,1
Mark Thomas,5
William Hamilton,5
Gary Moore,1
Cheryl Brooks,1
Jimmy Mills,7
Judith Boyd,8
Ronald Roberts,10
Martha Hughes,1
Kenneth Martinez,7
Harry Stephens,9
Christina Nelson,9
Aaron Morrison,2
Doris Porter,10
Timothy Hanson,1
Rachel King,1
Gloria Burke,10
Willie Elliott,3
Jeremy Brooks,6
Harry West,8
Patrick Reed,2
Michael Ray,1
David Green,2
George Parker,7
John Gibson,10
Jerry Stone,3
Ann Harris,5
Bobby Fields,7
Andrew Garza,6
Christine Austin,9
Kathryn Nelson,1
Arthur Elliott,10
Donna Chavez,6
Judith Ross,5
Rose Scott,1
Edward Crawford,5
Laura Hughes,7
Julia Ryan,1
Brenda Hunt,1
Roy Brooks,7
Shawn Watson,8
Charles Perry,1
Lisa Jacobs,1
Kevin Moore,6
Ashley Webb,3
